,OCEANUSDT,AGIXUSDT,Spread,Zscore
0,1.1551,1.1001599,0.021935303000000017,
1,1.16337681,1.10010695,0.030266651499999853,
2,1.152805,1.0894,0.030723000000000056,
3,1.1583,1.0944,0.031068000000000096,
4,1.1672683,1.1035,0.03066330000000006,
5,1.1552,1.08867904,0.03386058880000009,
6,1.15483383,1.08629618,0.03594876460000007,
7,1.1468,1.0768,0.03769599999999995,
8,1.14505992,1.08137845,0.031240116499999804,
9,1.1451,1.0823,0.030330999999999886,
10,1.16159335,1.1015328,0.02701456599999985,
11,1.1526,1.0969,0.022793000000000063,
12,1.18077106,1.1233799,0.02368976300000014,
13,1.195002,1.14190477,0.01884008689999983,
14,1.1968,1.14566721,0.01676277370000001,
15,1.2057,1.1429,0.02851300000000001,
16,1.2087,1.1463,0.028011000000000008,
17,1.18914309,1.12941669,0.025843899299999862,
18,1.1941,1.1315,0.028654999999999875,
19,1.18352595,1.1258873,0.02386203099999995,
20,1.18605795,1.12658608,0.02567428759999979,-0.39911635774188325
21,1.19539846,1.1321,0.02933545999999998,0.2352279724440238
22,1.1947,1.1323,0.028430999999999873,0.07573545329088485
23,1.198,1.13447408,0.029491697599999922,0.2971511117090016
24,1.19693789,1.1336,0.02932989000000008,0.2837178081158902
25,1.20089278,1.14170384,0.024937824800000064,-0.5362356641206901
26,1.2083,1.1604,0.013087999999999766,-2.3651750214557272
27,1.21149449,1.16191477,0.014722276899999942,-1.8561572771275727
28,1.2081,1.15000464,0.023595220800000094,-0.26267127260181666
29,1.19738995,1.13996615,0.023224815499999885,-0.2705821856136431
30,1.19620075,1.13773073,0.024338098100000094,0.009338455738950839
31,1.19344891,1.13750741,0.021816277700000164,-0.46321521932281484
32,1.18272317,1.1266,0.022325170000000005,-0.35231740569859116
33,1.18785544,1.1311,0.02282244000000011,-0.240238070993646
34,1.1896,1.1368,0.018695999999999824,-1.0920368684584523
35,1.17088531,1.11646197,0.02092948090000002,-0.7047078963693918
36,1.15325301,1.10465503,0.015458329100000112,-1.664580238879094
37,1.1566,1.1118,0.011446000000000067,-2.089987986743109
38,1.15260707,1.10498818,0.014469244599999875,-1.37087575714791
39,1.15716271,1.1097929,0.014076022999999882,-1.3026247751134699
40,1.1575,1.1133829,0.010715612999999902,-1.654930533251764
41,1.1522,1.10593442,0.013087547399999844,-1.1490863265580908
42,1.1305,1.08180847,0.016237275900000014,-0.575434763957322
43,1.1091,1.06186487,0.015379183899999926,-0.6456347054705384
44,1.1113,1.05924248,0.02028024559999997,0.3207082272190093
45,1.1085,1.0473,0.029781000000000057,2.1299994855859117
46,1.1099,1.05807275,0.020085067500000164,0.3325386119427799
47,1.10914484,1.0535384,0.02400028799999987,1.0086226105513845
48,1.1123,1.0568,0.02379600000000015,0.880266121151097
49,1.11598683,1.05943019,0.02477373429999985,1.0515091141587845
50,1.111,1.06196988,0.0171710236,-0.3882601545440203
51,1.1099,1.05883294,0.019302071800000098,0.08454962862996127
52,1.1046,1.0493,0.023821000000000092,0.9721325386253539
53,1.1124,1.0547,0.026059000000000054,1.335549752114033
54,1.1095,1.04804279,0.03001592629999994,1.8649509083148688
55,1.08,1.0215,0.027854999999999963,1.3373745997529238
56,1.09664471,1.0371,0.02843171000000022,1.3118576823734098
57,1.092,1.04177821,0.01896844370000017,-0.244811684644097
58,1.09453118,1.04355461,0.019669931699999976,-0.20602108212400846
59,1.09404633,1.0443,0.01841733000000012,-0.4690263051534353
60,1.0897,1.03947316,0.019042645199999875,-0.4150103566480721
61,1.0852,1.0368,0.017295999999999978,-0.8739097065899785
62,1.08253327,1.03162734,0.019957109799999984,-0.43279313489228
63,1.0742,1.0256863,0.017743110999999923,-0.9540053338709673
64,1.076,1.0328,0.012216000000000005,-2.033400524457309
65,1.0584,1.0117,0.016348999999999947,-1.0884978585682414
66,1.05917081,1.01573278,0.012966046599999892,-1.6251085461571548
67,1.08019897,1.03405831,0.015118910700000043,-1.0971927545776807
68,1.07776655,1.0339,0.012849549999999876,-1.3859842190322407
69,1.09407568,1.05107125,0.011472292500000147,-1.467422258707483
70,1.0924452,1.04621018,0.014848714599999813,-0.770854034550637
71,1.0815107,1.0355,0.014945699999999729,-0.7254462934811812
72,1.09632419,1.0504,0.014412190000000047,-0.7682238395244704
73,1.0913,1.04387102,0.016112849399999796,-0.40417316902084516
74,1.09283522,1.0457,0.015764219999999884,-0.3982262635479155
75,1.10015201,1.05326187,0.015292283899999815,-0.4180800615338667
76,1.10506859,1.06086863,0.012373901099999696,-1.0691533985357449
77,1.1087,1.0593,0.01762100000000011,0.6744113813752718
78,1.10572871,1.05301405,0.021124238499999892,1.869807375136286
79,1.1075,1.0556,0.020231999999999806,1.51364890639439
80,1.1021,1.0512,0.01936400000000016,1.166396929722656
81,1.1011912,1.05024636,0.01943744919999979,1.1765236499398948
82,1.1015,1.05023443,0.019758537099999973,1.2050657154771296
83,1.1144,1.0643,0.018170999999999937,0.7195920606986017
84,1.11603704,1.07675127,0.006983231900000053,-2.48445503635299
85,1.11626535,1.07656223,0.007406253099999871,-2.072991517777742
86,1.09522586,1.0587,0.004764860000000093,-2.247616993902574
87,1.0899,1.057,0.0011900000000000244,-2.4355825023687747
88,1.0757,1.0414,0.003058000000000005,-1.8042220589513538
89,1.0784,1.04724816,-0.00026560480000004105,-2.0097234016541523
90,1.0717,1.0368,0.0037960000000001326,-1.2841068255957857
91,1.06437251,1.0304,0.003060510000000072,-1.2570104735794563
92,1.0697,1.0334,0.005298000000000025,-0.8688033945706686
93,1.06449508,1.03061004,0.0029667387999998684,-1.0818392157517314
94,1.0665,1.0315,0.00405499999999992,-0.8544766181969883
95,1.0631,1.02844774,0.0037988277999998488,-0.8091802837108519
96,1.06872817,1.0348,0.0028841699999999637,-0.8462824876378239
97,1.07042184,1.0402,-0.0009841600000000117,-1.2213190657003916
98,1.064,1.03514851,-0.0022029652999999705,-1.2448245817517718
99,1.0667,1.0369377,-0.001345831000000075,-1.0542658317333855
100,1.06722244,1.03607761,6.2501699999995e-05,-0.8006306467480291
101,1.07476204,1.0348,0.00891803999999996,0.5625912325109691
102,1.0771,1.0337,0.012388999999999761,1.2721354606251534
103,1.0798,1.0434,0.005098000000000047,0.17911794357168165
104,1.0868006,1.051,0.004270599999999902,0.1940448369203074
105,1.08799871,1.0555,0.0008337099999997655,-0.6987726280183589
106,1.0851,1.05413178,-0.0006557334000001358,-1.0228818341660566
107,1.07666487,1.04468235,0.0006420495000001303,-0.5925515611479657
108,1.0698,1.0366,0.0021020000000000483,-0.18701883360992094
109,1.0678,1.0435,-0.00700500000000015,-2.27905716058672
110,1.06257706,1.03940442,-0.008009492600000279,-2.143324213834878
111,1.0576,1.037,-0.010509999999999797,-2.2003791211271824
112,1.06123593,1.0464,-0.016556070000000034,-2.5643202048371925
113,1.03946279,1.0201,-0.011240209999999973,-1.5521352280765888
114,1.01883541,0.99746163,-0.008550068899999985,-1.0587457900225403
115,1.01291457,0.99653177,-0.01351315310000012,-1.5547472186829396
116,1.011,0.99288496,-0.011671508800000119,-1.182806327269265
117,1.00121253,0.97672058,-0.004809667399999773,-0.24107413694666943
118,0.94031677,0.9058,0.007342769999999943,1.2605733391898661
119,0.83444984,0.8063,0.0039608399999999655,0.7813853774127315
120,0.86771634,0.8314,0.011374339999999927,1.5286037106917187
121,0.87319214,0.85031208,-0.002629302400000033,-0.09476917828131445
122,0.87499806,0.84591072,0.003710018399999959,0.6974278663534549
123,0.87015765,0.8406714,0.004266108000000046,0.8674088722120532
124,0.8792,0.8472,0.006584000000000034,1.1457742359574354
125,0.86674315,0.83586748,0.005799645600000014,1.0268430050786492
126,0.8387,0.8042831,0.010288407,1.4560725005678405
127,0.84675826,0.82185463,0.0002479910999999557,0.24733211389785986
128,0.8545,0.83768011,-0.008310513299999989,-0.7180002240386357
129,0.86346184,0.8496,-0.011626160000000052,-1.0119633007682678
130,0.8666,0.84633628,-0.005126368400000025,-0.26983499873212324
131,0.8795963,0.85935939,-0.005543871699999925,-0.33436414476549636
132,0.87244989,0.85443979,-0.007623093700000139,-0.6019154543008044
133,0.858,0.84794193,-0.015380187899999953,-1.5469207914027567
134,0.8563,0.84576358,-0.014836487399999987,-1.4230059493365181
135,0.87028838,0.86068555,-0.016217736500000024,-1.4701082038984077
136,0.87394707,0.8686,-0.020710930000000016,-1.8228095786753264
137,0.88108112,0.8742,-0.019344879999999898,-1.5633944384449592
138,0.8787,0.8713,-0.01873899999999995,-1.3646208810777658
139,0.87137502,0.8631,-0.017617980000000033,-1.1429526745867062
140,0.8807,0.86541996,-0.01068255880000002,-0.4247299015453655
141,0.84641879,0.83158047,-0.010109094100000049,-0.2930995006878933
142,0.8059,0.7838,-0.0014140000000001374,0.6105969815584794
143,0.8259,0.80352311,-0.0017288033000000258,0.6203966670291071
144,0.74782803,0.72356945,0.0025514964999999723,1.099995178816614
145,0.68392701,0.65622492,0.008015342400000014,1.664157593468873
146,0.723,0.68460426,0.01785761220000004,2.3631606475345177
147,0.7698946,0.73172658,0.016216222599999996,2.0710798643763986
148,0.7763,0.73437343,0.01989536709999995,2.0647273144668112
149,0.75140585,0.7212,0.008569850000000101,1.0565276372468873
150,0.7665,0.74532222,-0.0011818866000000705,0.256008039278906
151,0.75940282,0.7333,0.004103820000000091,0.6306550595469065
152,0.76560565,0.74961694,-0.006499798200000018,-0.19126829591064926
153,0.8035,0.7782,0.0019540000000000113,0.4298420473367143
154,0.82078019,0.79932959,-0.002529287700000049,0.03527014182948637
155,0.8449,0.8343,-0.014429000000000136,-0.9119350794103546
156,0.8509,0.83432607,-0.008455852100000105,-0.477943766201508
157,0.84652917,0.83233347,-0.01077430410000002,-0.7385194079296646
158,0.8332,0.81967299,-0.011063179700000036,-0.830683793687637
159,0.83136208,0.81866264,-0.011860439200000017,-0.9674942081107536
160,0.81013495,0.79805156,-0.01185815680000002,-1.0272726806523111
161,0.83002666,0.83501175,-0.03003544250000001,-2.3194673975885025
162,0.8231,0.8119,-0.013156999999999974,-0.9002681933717648
163,0.82587971,0.81921881,-0.01791566429999991,-1.1805715256653901
164,0.834,0.82338262,-0.014084098600000039,-0.8169951938676085
165,0.8537,0.8338,-0.005113999999999952,-0.09309176716783403
166,0.83522126,0.80909882,0.0018494753999999114,0.481510000814837
167,0.862,0.8436958,-0.0070066739999999905,-0.13932276667664814
168,0.8459,0.83571294,-0.014884328199999963,-0.7563137435911096
169,0.8371,0.82270376,-0.010284872800000122,-0.22787455893011843
170,0.82731294,0.82126384,-0.018588815199999997,-1.1237403925974168
171,0.89379389,0.87804446,-0.01059190380000008,-0.06880955471843773
172,0.90081526,0.88193226,-0.007574967799999999,0.4295145660554322
173,0.87729233,0.86086732,-0.00940100960000001,0.19252957363386392
174,0.8812,0.86853128,-0.013387218400000012,-0.29736210338694136
175,0.8651,0.8566,-0.017198000000000047,-0.8125590663846548
176,0.8713,0.8615,-0.016045000000000087,-0.60944168043548
177,0.86546433,0.8588,-0.019099670000000013,-1.0021926511806543
178,0.89040127,0.88943471,-0.025716481299999927,-1.7739641537601991
179,0.91808908,0.91815353,-0.027609055900000068,-1.7729940598678824
180,0.90711822,0.89358502,-0.01327435060000004,0.14086440214289803
181,0.9031,0.8931,-0.016793000000000058,-0.2965317590993496
182,0.9141,0.9066,-0.019697999999999993,-0.834179094684188
183,0.9304,0.9169,-0.014007000000000103,0.01609768056397039
184,0.9178,0.898,-0.007140000000000146,0.9443495437869408
185,0.9322,0.9103,-0.005408999999999997,1.1003510493973607
186,0.9285,0.907,-0.005710000000000104,1.0667605906861184
187,0.89545071,0.87227494,-0.002992478200000148,1.5880088130414105
188,0.8983,0.8793,-0.007379000000000024,0.9269751154392821
189,0.872,0.8545,-0.008135000000000114,0.7523983065253979
190,0.85205039,0.84272537,-0.015956741100000005,-0.3822016120488192
191,0.8254,0.80806856,-0.006910616800000047,0.8897128491179864
192,0.85592611,0.83534785,-0.004482175500000074,1.1688048216714615
193,0.8255,0.8125,-0.011375000000000024,0.20111000934172246
194,0.84804485,0.8345836,-0.011576258000000061,0.18782362205486916
195,0.8556,0.8459,-0.01567699999999994,-0.3982151972520196
196,0.85735147,0.8347,-0.002389529999999973,1.3859059150660875
197,0.83938261,0.8184,-0.0035693900000000056,1.1077683967727212
198,0.8451072,0.82473374,-0.004368552200000098,0.9076620425344066
199,0.84899246,0.82625589,-0.0020511067000000827,1.1667388642995218
200,0.8355,0.8137,-0.00261100000000003,1.1047480717974807
201,0.8275892,0.8006125,0.0029583250000000394,1.834454093185021
202,0.83876965,0.81264968,0.0017404796000000111,1.4824709931107856
203,0.8629,0.836,0.0018200000000000438,1.4363328364500048
204,0.8666,0.84291101,-0.0015983403000000562,0.7301537163020908
205,0.85976377,0.8334,0.00136177000000004,1.1824019579047678
206,0.85368832,0.8315,-0.002756680000000067,0.3879064801533797
207,0.849,0.82402894,0.0002501917999999659,0.8770666762198402
208,0.8681,0.8413,0.0015609999999999236,1.0474349643490968
209,0.8431,0.82241937,-0.003991951100000057,0.033443537868534025
210,0.84381865,0.81457226,0.004809222199999907,1.4332903668619001
211,0.8267,0.8154,-0.013162000000000007,-1.7473215634168477
212,0.81575145,0.79208201,-9.302030000002404e-05,0.5421181840928629
213,0.84310901,0.82930937,-0.011079641100000037,-1.3167777017481903
214,0.8456,0.8209,7.299999999998974e-05,0.529447820137239
215,0.8538,0.83271666,-0.0038981597999999673,-0.26698111722264634
216,0.8464,0.82271481,-0.0009962543000000545,0.19141183344756468
217,0.856409,0.8336769,-0.002278207000000143,-0.1117239749761481
218,0.88340265,0.8538,0.003988649999999927,1.2329411101891279
219,0.8829,0.85874598,-0.0016083594000000367,-0.06793300391658266
220,0.88105292,0.8541,0.0013299199999999844,0.5653484708073696
221,0.8817,0.8575,-0.0015249999999999986,-0.09714172617788171
222,0.86526966,0.8459,-0.006007339999999917,-1.0185451440047104
223,0.8585,0.8419,-0.008656999999999915,-1.4443894731040694
224,0.86396352,0.84300314,-0.004329714200000057,-0.44460670900525356
225,0.88090296,0.85450326,0.0007646021999999641,0.6477654918256894
226,0.866,0.83530166,0.00563929019999998,1.5798590512203712
227,0.8663,0.8387,0.002438999999999969,0.8506329370887756
228,0.86691132,0.8379,0.0038743199999999867,1.0774036118264665
229,0.8604,0.8304163,0.005071211000000075,1.2406225977313277
230,0.8572,0.832,0.00024000000000001798,0.2786833678995356
231,0.8494,0.8204742,0.004311573999999929,1.0716045775595893
232,0.8377,0.80981141,0.0035942476999999418,0.897551102833582
233,0.8277,0.8065,-0.00299499999999997,-0.5352885192445367
234,0.82702935,0.80640239,-0.0035651117000000676,-0.8575250677182239
235,0.81664643,0.79625818,-0.003499495400000052,-0.7843026040003284
236,0.80556183,0.78165886,0.0004532042000000569,0.1624775719523568
237,0.81263109,0.78561793,0.003444622099999961,0.8608845818184795
238,0.8397,0.8165,-0.0012950000000000461,-0.34880972227644774
239,0.8617,0.8373,-0.0007190000000000252,-0.14957166637589142
240,0.8531,0.82491677,0.0034357268999999357,0.856326112417402
241,0.834415,0.80834558,0.0018190526000000373,0.4348699796237749
242,0.8473,0.82192374,0.0007185478000000245,0.12661212378452613
243,0.83971772,0.81667576,-0.0014583127999999723,-0.5209803273744875
244,0.83746634,0.80799459,0.0052319122999999745,1.3149934040245221
245,0.8365,0.8078,0.004466000000000081,0.994480015256486
246,0.8475,0.81734835,0.005631199500000017,1.256549799415946
247,0.8427,0.8125,0.005824999999999969,1.3114221100377252
248,0.8456,0.81761109,0.003460577300000045,0.5290886522865769
249,0.8405,0.8139,0.002183000000000046,0.14660369585578023
250,0.83460191,0.80855391,0.0017913826999998994,0.07247797288116431
251,0.8206,0.79667471,2.504869999997439e-05,-0.5147279628455147
252,0.81341034,0.7894491,0.0002777669999999288,-0.37303705034661344
253,0.81896451,0.80078658,-0.005845667400000032,-2.063446235393414
254,0.82538534,0.80485525,-0.0036155675000000276,-1.3581944504511918
255,0.82825034,0.81149291,-0.007587357300000042,-2.248946926892436
256,0.84731296,0.8244,-0.001819039999999994,-0.7210176834246521
257,0.83609715,0.8137,-0.0020138500000000947,-0.7320933628651842
258,0.8505,0.8269,-0.001206999999999958,-0.455506907144317
259,0.8709,0.84645046,-0.0009439737999999975,-0.3883287690652989
260,0.8685,0.8429,0.0003130000000000077,-0.05434776701150437
261,0.86447988,0.8482,-0.009166119999999944,-2.209449277851363
262,0.84399377,0.82951919,-0.010410995700000036,-2.092425574273134
263,0.8493,0.8387439,-0.014606216999999977,-2.3826197472850867
264,0.85904126,0.84900119,-0.015429965699999992,-2.11053328524096
265,0.86352583,0.8498,-0.011768169999999967,-1.3811647657327455
266,0.86934531,0.84685065,-0.0029108595000000292,0.0512715734735282
267,0.86977902,0.84435049,9.801529999997616e-05,0.6056032163439193
268,0.8639,0.8401,-0.001402999999999932,0.43780024546631735
269,0.84756218,0.8272502,-0.004505525999999982,-0.05451656573374661
270,0.8077,0.7907,-0.006720999999999977,-0.4064925696614858
271,0.80467793,0.79266633,-0.011768389900000065,-1.26565014225592
272,0.8313,0.8236,-0.017008000000000023,-1.959615955928704
273,0.84057246,0.82771781,-0.011976884300000101,-0.9615065419323152
274,0.82850858,0.81714199,-0.01314766969999992,-1.077214294807487
275,0.8753,0.8587,-0.009161000000000086,-0.33112154657228254
276,0.8635,0.8538,-0.015913999999999984,-1.382634800293608
277,0.8777,0.86786496,-0.016200908800000025,-1.29033375176795
278,0.8748,0.86693454,-0.018142576200000038,-1.442657082015461
279,0.87637477,0.8656,-0.015193230000000058,-0.8836484203139761
280,0.87797586,0.86898387,-0.017077526099999907,-1.095246544335035
281,0.88499753,0.87969071,-0.02108390129999993,-1.6336457960748747
282,0.87810662,0.87886757,-0.027126977100000116,-2.194308832346
283,0.87505791,0.87326808,-0.024408212400000018,-1.5778387164177765
284,0.88047502,0.8749,-0.020671980000000034,-0.9900313054395872
285,0.8778,0.8739,-0.02231700000000003,-1.1317414377441366
286,0.88791783,0.88179367,-0.020329650099999985,-0.803417717360082
287,0.87673663,0.8727,-0.022144370000000024,-0.9526638923927012
288,0.88554527,0.8811,-0.021987729999999983,-0.8753980499597723
289,0.87445588,0.8697,-0.02133512000000004,-0.7260146250394989
290,0.89004579,0.8796,-0.01594221000000018,0.322114564126422
291,0.87911626,0.8692,-0.016159739999999978,0.4175000439626804
292,0.87,0.8648,-0.020744000000000096,-0.5230174112689019
293,0.85902085,0.85697088,-0.023659156400000048,-1.09086418973342
294,0.8847,0.8804,-0.02211199999999991,-0.6705218116689257
295,0.8817,0.8814,-0.026142,-1.4748712221833913
296,0.8844,0.88414831,-0.02627275930000006,-1.5135299827448456
297,0.88794502,0.88833721,-0.02704230630000004,-1.5471513281973313
298,0.89317376,0.8900758,-0.02360431399999996,-0.5587655167813436
299,0.9026,0.89961529,-0.024003748699999994,-0.6013131926449399
300,0.91061757,0.91090474,-0.02761431219999999,-1.5123004899207988
301,0.9132,0.91109643,-0.025229322900000017,-0.7379255139508141
302,0.90890665,0.89981244,-0.017900163199999986,1.4216949716933542
303,0.902,0.8954,-0.020262000000000002,0.6486305478973847
304,0.9042,0.8945,-0.01713500000000001,1.4334678001950811
305,0.9065,0.89906743,-0.01953945290000003,0.7069162920094209
306,0.91307211,0.9099,-0.024124890000000065,-0.5935701785915575
307,0.91883527,0.9106,-0.019082730000000048,0.8296831987270545
308,0.9458,0.9434,-0.02590200000000009,-1.02798956047836
309,0.96641478,0.9523,-0.014454220000000073,1.8447016628714226
310,1.0047,0.97405815,0.0014201055000000462,3.4307037616919365
311,0.9957,0.9689,-0.002267000000000019,2.356597387397518
312,1.0198,0.9844,0.005867999999999984,2.640972159391521
313,1.03370188,1.00310762,0.0005010314000000182,1.7927462365584574
314,1.02279921,0.9919,0.0011422100000000324,1.627678366521595
315,1.02758436,0.9918,0.006030360000000012,1.7883185235091075
316,1.0177,0.9985,-0.01075500000000007,0.3396464810009655
317,1.0147,0.9929,-0.007987000000000188,0.5094149559962908
318,1.01264219,0.9946,-0.011795809999999962,0.12302325827126018
319,1.021,1.0052,-0.014356000000000257,-0.14774818254593314
320,1.02791783,0.99963097,-0.0017020691000000365,0.9146999969521133
321,1.03651434,1.00343386,0.002977464200000224,1.2323064032452151
322,1.02310696,0.9915,0.0018619599999998293,1.0337602724665753
323,1.0226762,0.9886,0.004418199999999928,1.1574068334203376
324,1.0129,0.9864,-0.0030920000000000947,0.38524407890906565
325,1.01845206,0.98784678,0.0009698765999999193,0.7059259541287681
326,1.016,0.9887,-0.0023610000000000575,0.3102687980109921
327,1.01991334,0.9945,-0.004421659999999994,0.0007264770884492372
328,1.027,0.99708214,5.395799999918793e-06,0.4380979161087493
329,1.02124124,0.98967296,0.0018780911999998207,0.6500077047943879
330,1.008,0.9761,0.0026170000000000915,0.7045211196703768
331,1.00083011,0.97491107,-0.0033282920999999632,-0.3039573081700953
332,1.01533863,0.9915348,-0.005942214000000057,-0.725259023385718
333,1.00136163,0.9714,0.0008196299999998491,0.5174437366542006
334,0.99798817,0.9748,-0.006055829999999984,-0.6721872178962803
335,1.0025,0.96891091,0.004521762699999932,1.178000897049929
336,0.99820693,0.9712,-0.002129069999999844,0.0811529958563663
337,1.01032621,0.9855,-0.004738790000000215,-0.48635209817288
338,1.01072904,0.97756853,0.003833454100000022,1.0987299544199196
339,1.01703233,0.9814594,0.006129147999999862,1.4661805220068584
340,1.0138,0.9805,0.0038849999999999163,1.0377975180583936
341,1.01265561,0.98390683,-0.0007684249000001753,-0.22032923972829074
342,1.01040401,0.9822,-0.001261989999999935,-0.3029567096950993
343,1.01463967,0.9879,-0.0028973300000001423,-0.6838504090985813
344,1.0404,1.0089,0.0012330000000000396,0.497557507205279
345,1.03703741,1.00144983,0.005544085099999707,1.5199053283859167
346,1.04337144,1.00787555,0.005259623499999977,1.326021249295313
347,1.04418547,1.01122488,0.0026238435999998977,0.5902302278830582
348,1.03458757,0.9972,0.007471570000000094,1.6314314726117258
349,1.0198,0.98603468,0.004184279600000007,0.7565372642327377
350,1.01534785,0.99067763,-0.005050108900000128,-1.3516741075697964
351,1.01790815,0.99849859,-0.01054539770000007,-2.167116061563415
352,1.0071037,0.99361078,-0.016315403399999928,-2.6092608800942227
353,1.0096,0.9974,-0.017722000000000016,-2.362016282273395
354,1.01289229,0.99789147,-0.01493592410000022,-1.714611325278094
355,1.00357344,0.98628798,-0.01230317939999992,-1.2837394567595806
356,1.01706585,0.9965,-0.00932915000000012,-0.8270063757059728
357,1.0153,0.9872,-0.0015159999999998508,0.15196439592896516
358,1.01854657,0.99472252,-0.006017625599999965,-0.4052536263684825
359,1.01903779,0.9942,-0.0049882100000000484,-0.22734877889092187
360,1.0200377,0.99456174,-0.004360892200000022,-0.08690433623442645
361,1.01684788,0.9955,-0.008517120000000045,-0.5700850595840643
362,1.0138,0.99301967,-0.009010260099999945,-0.5819456972506492
363,1.01968924,0.9989,-0.009177760000000035,-0.5523863942523073
364,1.0156126,0.9978,-0.01212140000000006,-0.8727647809799766
365,1.0447,1.02377378,-0.00978699340000011,-0.5028776176107911
366,1.0360985,1.0224,-0.016973499999999975,-1.3443696503943696
367,1.0246,1.0088,-0.014464000000000032,-0.9264734572714034
368,1.01378442,0.98848472,-0.004354841600000103,0.6131717630345396
369,1.01193675,0.9837,-0.0012742500000000323,1.3136517938814787
370,1.0179385,0.99245868,-0.004293940399999974,0.976893519516041
371,1.00862298,0.98830077,-0.009326813100000164,0.01422986298424522
372,1.001,0.9827,-0.011181000000000108,-0.3554685397728615
373,1.01611024,0.99744689,-0.011260056700000076,-0.44131766898760283
374,1.00616475,0.9918,-0.015389250000000132,-1.3997751506970315
375,1.0079,0.9952,-0.01715599999999995,-1.704847455164714
376,1.0071,0.9952,-0.01795599999999986,-1.6954524908447666
377,1.01594363,1.0031,-0.01724937000000004,-1.401131410138983
378,1.0318,1.02001477,-0.018815213099999895,-1.5447328435634788
379,1.0352,1.0247,-0.020241000000000176,-1.6013777498704087
380,1.0268,1.01426694,-0.01789494820000015,-1.0737682830906303
381,1.0213,1.0034,-0.012202000000000046,0.021745463966885027
382,1.0207,1.00413104,-0.013554971200000265,-0.19217710276264496
383,1.02134993,1.004,-0.012770069999999967,-0.006755338909007937
384,1.0254,1.0031,-0.007792999999999939,0.939773436518552
385,1.0213,0.99841355,-0.00706595649999997,1.005959444809157
386,1.01492566,0.994312,-0.009215699999999938,0.5958602441181433
387,1.00648643,0.99571882,-0.019103954600000028,-1.2096911220360798
388,1.0118,0.9972,-0.015315999999999885,-0.5063670124291133
389,1.0164,0.998,-0.011540000000000106,0.26115140575598184
390,1.02246005,1.00601779,-0.013738273700000025,-0.058698814973603464
391,1.0147,1.0016,-0.016948000000000185,-0.7284979574337435
392,1.01971208,1.0022,-0.012553919999999996,0.44249510731827296
393,1.04091287,1.02199407,-0.011741022100000054,0.6670410713657302
394,1.04225604,1.02373099,-0.012186879699999986,0.565469217877456
395,1.0366,1.02268489,-0.01676543670000008,-0.6332738692187964
396,1.04071438,1.02571785,-0.015775005499999883,-0.39269564678874075
397,1.042847,1.02631878,-0.014261343399999848,-0.03599526703772634
398,1.04968014,1.03222748,-0.013514164400000084,0.12247283552644551
399,1.0538,1.0345,-0.011734999999999829,0.5487583786927501
400,1.08099658,1.06402232,-0.014946409600000043,-0.5120022796914727
401,1.07601068,1.0631386,-0.01902207800000011,-1.76067344561206
402,1.04734737,1.03512281,-0.018829124300000055,-1.508099828639799
403,1.03176695,1.0199,-0.018730050000000054,-1.3382438210454124
404,1.01317518,1.0007,-0.017545820000000045,-0.9222200988587801
405,1.0065,0.98989824,-0.013095187200000025,0.4100749903936901
406,1.02002465,1.00340615,-0.013483684499999926,0.4452551520149151
407,1.0028,0.9873,-0.014118999999999993,0.3395865642608195
408,1.00411765,0.9914,-0.01702435000000002,-0.8644896762377811
409,0.9848,0.96585569,-0.010031360700000103,1.725439428433962
410,0.98826066,0.9695,-0.010324340000000043,1.5465889214515571
411,0.96469182,0.94018719,-0.0037009856999999924,2.8593080628002996
412,0.9726221,0.9466,-0.0023758999999999864,2.5176524958604145
413,0.97071401,0.9484,-0.006137990000000038,1.4954133920643866
414,0.95369915,0.93145547,-0.005699984099999944,1.4447950949634747
415,0.95672729,0.93299043,-0.004252852900000104,1.5535082475236348
416,0.9474,0.9268,-0.007203999999999988,0.9039978963953962
417,0.9574843,0.9355,-0.00608070000000005,1.0144618484185726
418,0.9586,0.93882493,-0.008389677900000003,0.5321498198296156
419,0.95540186,0.936,-0.00867814,0.4354873471641682
420,0.9462,0.92832806,-0.009977901800000022,0.178091571692516
421,0.9465,0.92941614,-0.010798624199999995,-0.011406974108839967
422,0.94485033,0.928,-0.010989670000000062,-0.12809044878539072
423,0.9314,0.91351848,-0.009524034400000048,0.08532583461990821
424,0.9454,0.926,-0.008380000000000054,0.25433919838109437
425,0.93745495,0.91863242,-0.00873644260000006,0.07247292438662858
426,0.9519874,0.93441774,-0.010462872199999973,-0.4491479276889006
427,0.9526974,0.9365,-0.011897599999999953,-0.8985520281931861
428,0.9768,0.9576,-0.009527999999999981,-0.293024899000133
429,0.9802,0.9629,-0.011587000000000014,-1.211224814815853
430,0.97680203,0.9617,-0.013748970000000083,-1.794366785101913
431,0.97773622,0.96185903,-0.012978580899999925,-1.421352388348057
432,0.96639626,0.95035653,-0.012470965899999964,-1.160585474070341
433,0.9696908,0.9538,-0.012723200000000046,-1.2113372725777078
434,0.97170667,0.95476082,-0.011696974599999965,-0.7435074148050309
435,0.95825803,0.94034913,-0.010301573899999972,-0.11892429732395395
436,0.9556,0.93174877,-0.00410123309999999,2.4720180479609617
437,0.9403,0.9177,-0.004930999999999908,1.9354398166790054
438,0.9407,0.918,-0.0048400000000000665,1.871773793380468
439,0.9504,0.92520005,-0.002556051500000045,2.2605635963817696
440,0.9415,0.917,-0.003010000000000068,1.8417926521159347
441,0.94584055,0.92132605,-0.003125281500000021,1.59555604174541
442,0.95133642,0.9243338,-0.0007273939999999923,1.916475370746073
443,0.93461126,0.90734553,4.5364100000111485e-05,1.816347409312661
444,0.9322,0.9072,-0.0022159999999999958,1.182781823812655
445,0.9309,0.9118,-0.008254000000000095,-0.1406466641068876
446,0.9303,0.9077,-0.004630999999999941,0.6050745322883914
447,0.91969973,0.90008885,-0.007391785500000081,-0.02675248679262018
448,0.925,0.9025,-0.004574999999999996,0.5264019178136247
449,0.9207,0.9003,-0.006609000000000087,0.039246221931633664
450,0.93288695,0.91299802,-0.007501010599999969,-0.2132150258035104
451,0.9167,0.8978,-0.008034000000000097,-0.43219513811617255
452,0.9141,0.8958,-0.008574000000000082,-0.6644702936726796
453,0.9121,0.8955,-0.010264999999999969,-1.2001332177785902
454,0.91483949,0.90013128,-0.012295728400000039,-1.7973546643015095
455,0.91226094,0.89788916,-0.012564894800000004,-1.8233260128582984
456,0.91035193,0.89493546,-0.011431593800000028,-1.4619353550346978
457,0.9132,0.8942,-0.007826,-0.43055506299142565
458,0.91426027,0.89481887,-0.007403166100000136,-0.28297430742780355
459,0.8993,0.87600565,-0.0029858194999999865,0.8887449871547553
460,0.9029,0.8792,-0.0026760000000000117,0.9753710665078459
461,0.9025,0.8772,-0.0010160000000000169,1.3568928314879505
462,0.8769,0.85236733,-0.0010383498999999574,1.288021641036222
463,0.88158422,0.8616944,-0.005961011999999988,0.1024650387823979
464,0.8912,0.87310142,-0.008094462600000019,-0.3960743049567341
465,0.89984172,0.8793,-0.005837280000000056,0.3236314474951849
466,0.90386785,0.88113168,-0.003697780400000017,0.8921879090051921
467,0.89800862,0.8746,-0.0028293799999999925,1.1003954536034777
468,0.8931,0.87110831,-0.004141559300000042,0.6654003994738209
469,0.8912,0.86774124,-0.0025734772000000072,1.0659044952638546
470,0.8901,0.8671,-0.0030130000000000434,0.8754921471836071
471,0.88126128,0.85934303,-0.0038620408999999745,0.5894315577736822
472,0.8819,0.8639,-0.007916999999999952,-0.527512304964726
473,0.8877,0.868,-0.006340000000000012,-0.12439702093379765
474,0.89735247,0.8787,-0.007708530000000158,-0.5576140373716107
475,0.89406651,0.87458766,-0.006758779799999948,-0.3972390878292565
476,0.890907,0.8686,-0.00375100000000006,0.49214561693648845
477,0.88998682,0.86577748,-0.0017639844000000293,1.1990705944849713
478,0.91717046,0.8929,-0.0025165400000000115,0.8036216572249393
479,0.90771047,0.88729283,-0.006201144900000011,-0.837398861893053
480,0.9032258,0.8855,-0.008839200000000047,-1.7454002404775744
481,0.9088,0.8845,-0.002234999999999876,0.9555898223759645
482,0.90836956,0.88445668,-0.0026208204000000013,0.8621458012055045
483,0.9064,0.88,0.0,1.8823945522633678
484,0.91311675,0.88722927,-0.000729398099999945,1.413792695532136
485,0.919,0.8978,-0.005734000000000017,-0.61166422241947
486,0.9336,0.9146,-0.008438000000000057,-1.5744165342684788
487,0.94977233,0.9223,-0.0001966700000000099,1.4604002070907873
488,0.94131395,0.91971272,-0.00599015160000016,-0.5971743271335685
489,0.9341,0.9124,-0.00567200000000001,-0.4524991644528778
490,0.9341,0.9142,-0.007526000000000033,-1.021483980678194
491,0.93645292,0.91448379,-0.005465383700000048,-0.24787611858238393
492,0.9366,0.91522643,-0.006083222900000074,-0.43071798704138975
493,0.92860061,0.90452488,-0.0030600163999999763,0.5822504641335524
494,0.92490063,0.8989,-0.0009663700000001052,1.2180844383916427
495,0.9213,0.8984,-0.0040519999999999445,0.06165782773355203
496,0.91336483,0.89214924,-0.005548887199999908,-0.5206625625536808
497,0.9169897,0.89671024,-0.006621847200000031,-0.8556131256508733
498,0.9225,0.90408369,-0.008706200700000055,-1.4496444745298118
499,0.9199,0.9001,-0.0072029999999999594,-0.8329387397087529
